,Name,Email,Age
0,Armando Leonard,scelerisque.neque@Nullaegetmetus.ca,32
1,Colette Prince,vitae.odio@dapibusgravida.co.uk,23
2,Oleg Chen,at@sit.co.uk,18
3,Camilla Boyer,Quisque@metusurnaconvallis.ca,18
4,Zorita Dyer,Nam.porttitor.scelerisque@dolorsit.org,18
5,Holly Valencia,sem.magna.nec@Suspendisse.com,18
6,Chastity Berger,sed.tortor@vitaepurus.co.uk,18
7,Ronan Allen,consectetuer.cursus@dolorquam.ca,28
11,Simon Harrington,non.justo.Proin@ridiculus.edu,18
13,Derek Erickson,Aliquam.nec@auctorquis.com,18
14,Harding Hurst,Praesent.eu.nulla@eratneque.net,18
16,Britanni Hubbard,lectus.a@cubiliaCuraePhasellus.ca,18
17,Sonia Chandler,id.ante.Nunc@vel.edu,31
18,Dara Stephens,luctus.felis@dapibusrutrum.ca,42
19,Warren Chen,sit.amet@acsem.ca,18
21,Aretha Sawyer,libero.Morbi@consequat.net,21
22,Yvette Alvarado,In@et.org,18
23,Scarlett Morin,odio.auctor@nibhenim.com,18
24,Branden Neal,ornare.In@anteMaecenas.org,39
25,Demetria Stein,adipiscing@sociis.co.uk,18
27,Karyn Mooney,pharetra.ut.pharetra@pulvinararcuet.org,22
28,Ignatius Rosario,bibendum@commodotinciduntnibh.com,18
30,Adrienne Haney,imperdiet.non@Suspendissenonleo.edu,18
31,Shelby Abbott,nulla.magna@mattisvelitjusto.edu,18
32,Jena Estrada,id.ante.dictum@vel.edu,23
33,Lois Wilkinson,eget.ipsum.Suspendisse@Quisqueornare.ca,18
34,Jasper Reid,Duis.sit@cursus.net,18
35,Renee Miles,tempus@non.edu,18
36,Elmo Sosa,Phasellus@posuereenimnisl.co.uk,18
38,Andrew Burch,adipiscing@Phasellusdolorelit.co.uk,28
39,Todd Blackburn,tincidunt.tempus.risus@id.ca,28
40,Marah Lowe,auctor@erat.com,18
41,Ivy Maddox,ac.sem.ut@aenim.org,46
42,Claudia Lindsey,Curabitur.sed.tortor@at.edu,18
43,Giselle Crosby,a.purus@eleifendegestasSed.co.uk,18
44,Kevin Wood,diam.vel.arcu@erateget.co.uk,18
45,Hilda Stuart,est.mollis@estNuncullamcorper.co.uk,45
46,Fatima Blankenship,egestas@ipsum.co.uk,27
48,Jenette Johns,varius@ornare.edu,47
50,Chancellor Conway,nibh@anteipsum.net,26
51,Karen Payne,Donec@Maecenasliberoest.ca,28
52,Vladimir Dixon,purus.ac@felis.com,18
53,Aquila Zimmerman,ante.Nunc.mauris@etlaciniavitae.org,41
54,Cain Richards,sagittis.semper@luctusaliquet.edu,21
55,Scarlett Odom,Nunc.sollicitudin.commodo@cursus.ca,33
56,Cheyenne Barnett,ullamcorper.nisl@ultricesposuere.co.uk,33
58,Simon Colon,Nullam@Quisquenonummyipsum.org,18
60,Emma Roth,tempor@vestibulum.com,18
61,Dane Cochran,metus.Aliquam.erat@Nunccommodoauctor.com,45
64,Farrah Maldonado,Aliquam.adipiscing@tortoratrisus.com,24
65,Priscilla Dalton,euismod.mauris@nuncac.edu,27
66,Amos Madden,nunc@duinec.net,18
67,Angelica Beasley,aliquet@Praesent.edu,18
68,Uriel Estes,aliquet.Proin.velit@etlaciniavitae.net,35
70,Ivan Rowland,urna.nec.luctus@dictumcursus.edu,32
71,Matthew Sellers,Vivamus.non.lorem@nondui.net,18
72,Amela Duke,lectus.a.sollicitudin@turpisegestasAliquam.ca,32
73,Dakota Buchanan,magna.Nam.ligula@eu.ca,44
74,Laura Wise,augue.eu.tellus@eget.co.uk,27
75,Nehru Sharp,aliquet@euodio.net,18
76,Cassandra Lucas,malesuada@tempusscelerisquelorem.ca,18
78,Reagan Malone,mollis.Phasellus@penatibus.org,36
79,Melyssa Rios,erat@Quisquepurussapien.org,19
81,Julian Mayer,aliquam.enim@Craspellentesque.com,41
82,Anjolie Richmond,Nulla.dignissim.Maecenas@ametultriciessem.ca,48
84,Ria Waters,nonummy@Curabituregestasnunc.net,18
85,Joan Saunders,sit.amet.ante@acrisusMorbi.co.uk,41
87,Ashely Warner,Curae.Phasellus.ornare@inceptoshymenaeosMauris.ca,20
88,Hall Reyes,eu.metus@nunc.net,44
89,Octavia Dennis,nisl.Maecenas@euduiCum.co.uk,18
91,Harding Riley,turpis.In.condimentum@ideratEtiam.ca,36
92,Preston Barnes,Sed@Aliquamfringillacursus.com,22
94,Alma Mayo,Curabitur.dictum@consectetuer.net,18
95,Oleg Key,orci.lacus@quamdignissim.org,24
96,Lila Curry,sit@turpisNullaaliquet.org,18
97,Lars Gilliam,Proin.nisl@euneque.co.uk,18
98,Destiny Cantu,odio.a@adipiscingMauris.ca,18
99,Noelani Grant,fermentum.convallis@convallisincursus.org,18
